tahun;bulan;kota_kabupaten;kecamatan;kelurahan;jenis_kelamin ;jumlah
2020;3;ADM. KEPULAUAN SERIBU;KEPULAUAN SERIBU UTARA;PULAU PANGGANG;Laki-Laki;3
2020;3;ADM. KEPULAUAN SERIBU;KEPULAUAN SERIBU UTARA;PULAU KELAPA;Laki-Laki;1
2020;3;ADM. KEPULAUAN SERIBU;KEPULAUAN SERIBU UTARA;PULAU HARAPAN;Laki-Laki;4
2020;3;ADM. KEPULAUAN SERIBU;KEPULAUAN SERIBU SELATAN;PULAU UNTUNG JAWA;Laki-Laki;1
2020;3;ADM. KEPULAUAN SERIBU;KEPULAUAN SERIBU SELATAN;PULAU TIDUNG;Laki-Laki;2
2020;3;ADM. KEPULAUAN SERIBU;KEPULAUAN SERIBU SELATAN;PULAU PARI;Laki-Laki;2
2020;3;JAKARTA PUSAT;GAMBIR;GAMBIR;Laki-Laki;2
2020;3;JAKARTA PUSAT;GAMBIR;CIDENG;Laki-Laki;5
2020;3;JAKARTA PUSAT;GAMBIR;PETOJO UTARA;Laki-Laki;12
2020;3;JAKARTA PUSAT;GAMBIR;PETOJO SELATAN;Laki-Laki;11
2020;3;JAKARTA PUSAT;GAMBIR;KEBON KELAPA;Laki-Laki;1
2020;3;JAKARTA PUSAT;GAMBIR;DURI PULO;Laki-Laki;10
2020;3;JAKARTA PUSAT;SAWAH BESAR;PASAR BARU;Laki-Laki;5
2020;3;JAKARTA PUSAT;SAWAH BESAR;KARANG ANYAR;Laki-Laki;21
2020;3;JAKARTA PUSAT;SAWAH BESAR;KARTINI;Laki-Laki;7
2020;3;JAKARTA PUSAT;SAWAH BESAR;GUNUNG SAHARI UTARA;Laki-Laki;5
2020;3;JAKARTA PUSAT;SAWAH BESAR;MANGGA DUA SELATAN;Laki-Laki;19
2020;3;JAKARTA PUSAT;KEMAYORAN;KEMAYORAN;Laki-Laki;19
2020;3;JAKARTA PUSAT;KEMAYORAN;KEBON KOSONG;Laki-Laki;34
2020;3;JAKARTA PUSAT;KEMAYORAN;HARAPAN MULIA;Laki-Laki;14
2020;3;JAKARTA PUSAT;KEMAYORAN;SERDANG;Laki-Laki;21
2020;3;JAKARTA PUSAT;KEMAYORAN;GUNUNG SAHARI SELATAN;Laki-Laki;13
2020;3;JAKARTA PUSAT;KEMAYORAN;CEMPAKA BARU;Laki-Laki;29
2020;3;JAKARTA PUSAT;KEMAYORAN;SUMUR BATU;Laki-Laki;8
2020;3;JAKARTA PUSAT;KEMAYORAN;UTAN PANJANG;Laki-Laki;30
2020;3;JAKARTA PUSAT;S E N E N;SENEN;Laki-Laki;2
2020;3;JAKARTA PUSAT;S E N E N;KENARI;Laki-Laki;7
2020;3;JAKARTA PUSAT;S E N E N;PASEBAN;Laki-Laki;26
2020;3;JAKARTA PUSAT;S E N E N;KRAMAT;Laki-Laki;13
2020;3;JAKARTA PUSAT;S E N E N;KWITANG;Laki-Laki;10
2020;3;JAKARTA PUSAT;S E N E N;BUNGUR;Laki-Laki;14
2020;3;JAKARTA PUSAT;CEMPAKA PUTIH;CEMPAKA PUTIH TIMUR;Laki-Laki;14
2020;3;JAKARTA PUSAT;CEMPAKA PUTIH;CEMPAKA PUTIH BARAT;Laki-Laki;22
2020;3;JAKARTA PUSAT;CEMPAKA PUTIH;RAWASARI;Laki-Laki;18
2020;3;JAKARTA PUSAT;MENTENG;MENTENG;Laki-Laki;11
2020;3;JAKARTA PUSAT;MENTENG;PEGANGSAAN;Laki-Laki;12
2020;3;JAKARTA PUSAT;MENTENG;CIKINI;Laki-Laki;9
2020;3;JAKARTA PUSAT;MENTENG;GONDANGDIA;Laki-Laki;2
2020;3;JAKARTA PUSAT;MENTENG;KEBON SIRIH;Laki-Laki;10
2020;3;JAKARTA PUSAT;TANAH ABANG;GELORA;Laki-Laki;3
2020;3;JAKARTA PUSAT;TANAH ABANG;BENDUNGAN HILIR;Laki-Laki;12
2020;3;JAKARTA PUSAT;TANAH ABANG;KARET TENGSIN;Laki-Laki;19
2020;3;JAKARTA PUSAT;TANAH ABANG;PETAMBURAN;Laki-Laki;30
2020;3;JAKARTA PUSAT;TANAH ABANG;KEBON MELATI;Laki-Laki;29
2020;3;JAKARTA PUSAT;TANAH ABANG;KEBON KACANG;Laki-Laki;6
2020;3;JAKARTA PUSAT;TANAH ABANG;KAMPUNG BALI;Laki-Laki;4
2020;3;JAKARTA PUSAT;JOHAR BARU;JOHAR BARU;Laki-Laki;14
2020;3;JAKARTA PUSAT;JOHAR BARU;KAMPUNG RAWA;Laki-Laki;9
2020;3;JAKARTA PUSAT;JOHAR BARU;GALUR;Laki-Laki;18
2020;3;JAKARTA PUSAT;JOHAR BARU;TANAH TINGGI;Laki-Laki;13
2020;3;JAKARTA UTARA;PENJARINGAN;PENJARINGAN;Laki-Laki;93
2020;3;JAKARTA UTARA;PENJARINGAN;KAMAL MUARA;Laki-Laki;12
2020;3;JAKARTA UTARA;PENJARINGAN;KAPUK MUARA;Laki-Laki;20
2020;3;JAKARTA UTARA;PENJARINGAN;PEJAGALAN;Laki-Laki;39
2020;3;JAKARTA UTARA;PENJARINGAN;PLUIT;Laki-Laki;32
2020;3;JAKARTA UTARA;TANJUNG PRIOK;TANJUNG PRIOK;Laki-Laki;19
2020;3;JAKARTA UTARA;TANJUNG PRIOK;SUNTER JAYA;Laki-Laki;41
2020;3;JAKARTA UTARA;TANJUNG PRIOK;PAPANGGO;Laki-Laki;33
2020;3;JAKARTA UTARA;TANJUNG PRIOK;SUNGAI BAMBU;Laki-Laki;23
2020;3;JAKARTA UTARA;TANJUNG PRIOK;KEBON BAWANG;Laki-Laki;40
2020;3;JAKARTA UTARA;TANJUNG PRIOK;SUNTER AGUNG;Laki-Laki;28
2020;3;JAKARTA UTARA;TANJUNG PRIOK;WARAKAS;Laki-Laki;19
2020;3;JAKARTA UTARA;KOJA;KOJA;Laki-Laki;20
2020;3;JAKARTA UTARA;KOJA;TUGU UTARA;Laki-Laki;49
2020;3;JAKARTA UTARA;KOJA;LAGOA;Laki-Laki;36
2020;3;JAKARTA UTARA;KOJA;RAWA BADAK UTARA;Laki-Laki;23
2020;3;JAKARTA UTARA;KOJA;TUGU SELATAN;Laki-Laki;41
2020;3;JAKARTA UTARA;KOJA;RAWA BADAK SELATAN;Laki-Laki;47
2020;3;JAKARTA UTARA;CILINCING;CILINCING;Laki-Laki;32
2020;3;JAKARTA UTARA;CILINCING;SUKAPURA;Laki-Laki;51
2020;3;JAKARTA UTARA;CILINCING;MARUNDA;Laki-Laki;24
2020;3;JAKARTA UTARA;CILINCING;KALIBARU;Laki-Laki;45
2020;3;JAKARTA UTARA;CILINCING;SEMPER TIMUR;Laki-Laki;34
2020;3;JAKARTA UTARA;CILINCING;ROROTAN;Laki-Laki;50
2020;3;JAKARTA UTARA;CILINCING;SEMPER BARAT;Laki-Laki;47
2020;3;JAKARTA UTARA;PADEMANGAN;PADEMANGAN TIMUR;Laki-Laki;37
2020;3;JAKARTA UTARA;PADEMANGAN;PADEMANGAN BARAT;Laki-Laki;42
2020;3;JAKARTA UTARA;PADEMANGAN;ANCOL;Laki-Laki;30
2020;3;JAKARTA UTARA;KELAPA GADING;KELAPA GADING TIMUR;Laki-Laki;10
2020;3;JAKARTA UTARA;KELAPA GADING;PEGANGSAAN DUA;Laki-Laki;26
2020;3;JAKARTA UTARA;KELAPA GADING;KELAPA GADING BARAT;Laki-Laki;28
2020;3;JAKARTA BARAT;CENGKARENG;CENGKARENG BARAT;Laki-Laki;39
2020;3;JAKARTA BARAT;CENGKARENG;DURI KOSAMBI;Laki-Laki;53
2020;3;JAKARTA BARAT;CENGKARENG;RAWA BUAYA;Laki-Laki;53
2020;3;JAKARTA BARAT;CENGKARENG;KEDAUNG KALI ANGKE;Laki-Laki;25
2020;3;JAKARTA BARAT;CENGKARENG;KAPUK;Laki-Laki;118
2020;3;JAKARTA BARAT;CENGKARENG;CENGKARENG TIMUR;Laki-Laki;53
2020;3;JAKARTA BARAT;GROGOL PETAMBURAN;GROGOL;Laki-Laki;6
2020;3;JAKARTA BARAT;GROGOL PETAMBURAN;TANJUNG DUREN UTARA;Laki-Laki;6
2020;3;JAKARTA BARAT;GROGOL PETAMBURAN;TOMANG;Laki-Laki;18
2020;3;JAKARTA BARAT;GROGOL PETAMBURAN;JELAMBAR;Laki-Laki;7
2020;3;JAKARTA BARAT;GROGOL PETAMBURAN;TANJUNG DUREN SELATAN;Laki-Laki;18
2020;3;JAKARTA BARAT;GROGOL PETAMBURAN;JELAMBAR BARU;Laki-Laki;13
2020;3;JAKARTA BARAT;GROGOL PETAMBURAN;WIJAYA KUSUMA;Laki-Laki;26
2020;3;JAKARTA BARAT;TAMAN SARI;TAMAN SARI;Laki-Laki;5
2020;3;JAKARTA BARAT;TAMAN SARI;KRUKUT;Laki-Laki;8
2020;3;JAKARTA BARAT;TAMAN SARI;MAPHAR;Laki-Laki;11
2020;3;JAKARTA BARAT;TAMAN SARI;TANGKI;Laki-Laki;3
2020;3;JAKARTA BARAT;TAMAN SARI;MANGGA BESAR;Laki-Laki;5
2020;3;JAKARTA BARAT;TAMAN SARI;KEAGUNGAN;Laki-Laki;4
2020;3;JAKARTA BARAT;TAMAN SARI;GLODOK;Laki-Laki;4
2020;3;JAKARTA BARAT;TAMAN SARI;PINANGSIA;Laki-Laki;5
2020;3;JAKARTA BARAT;TAMBORA;TAMBORA;Laki-Laki;4
2020;3;JAKARTA BARAT;TAMBORA;KALI ANYAR;Laki-Laki;15
2020;3;JAKARTA BARAT;TAMBORA;DURI UTARA;Laki-Laki;7
2020;3;JAKARTA BARAT;TAMBORA;TANAH SEREAL;Laki-Laki;8
2020;3;JAKARTA BARAT;TAMBORA;KRENDANG;Laki-Laki;11
2020;3;JAKARTA BARAT;TAMBORA;JEMBATAN BESI;Laki-Laki;14
2020;3;JAKARTA BARAT;TAMBORA;ANGKE;Laki-Laki;10
2020;3;JAKARTA BARAT;TAMBORA;JEMBATAN LIMA;Laki-Laki;6
2020;3;JAKARTA BARAT;TAMBORA;PEKOJAN;Laki-Laki;8
2020;3;JAKARTA BARAT;TAMBORA;ROA MALAKA;Laki-Laki;3
2020;3;JAKARTA BARAT;TAMBORA;DURI SELATAN;Laki-Laki;3
2020;3;JAKARTA BARAT;KEBON JERUK;KEBON JERUK;Laki-Laki;34
2020;3;JAKARTA BARAT;KEBON JERUK;SUKABUMI UTARA;Laki-Laki;21
2020;3;JAKARTA BARAT;KEBON JERUK;SUKABUMI SELATAN;Laki-Laki;16
2020;3;JAKARTA BARAT;KEBON JERUK;KELAPA DUA;Laki-Laki;21
2020;3;JAKARTA BARAT;KEBON JERUK;DURI KEPA;Laki-Laki;26
2020;3;JAKARTA BARAT;KEBON JERUK;KEDOYA UTARA;Laki-Laki;24
2020;3;JAKARTA BARAT;KEBON JERUK;KEDOYA SELATAN;Laki-Laki;10
2020;3;JAKARTA BARAT;KALI DERES;KALIDERES;Laki-Laki;49
2020;3;JAKARTA BARAT;KALI DERES;SEMANAN;Laki-Laki;39
2020;3;JAKARTA BARAT;KALI DERES;TEGAL ALUR;Laki-Laki;57
2020;3;JAKARTA BARAT;KALI DERES;KAMAL;Laki-Laki;35
2020;3;JAKARTA BARAT;KALI DERES;PEGADUNGAN;Laki-Laki;50
2020;3;JAKARTA BARAT;PAL MERAH;PALMERAH;Laki-Laki;32
2020;3;JAKARTA BARAT;PAL MERAH;SLIPI;Laki-Laki;2
2020;3;JAKARTA BARAT;PAL MERAH;KOTA BAMBU UTARA;Laki-Laki;13
2020;3;JAKARTA BARAT;PAL MERAH;JATIPULO;Laki-Laki;15
2020;3;JAKARTA BARAT;PAL MERAH;KEMANGGISAN;Laki-Laki;18
2020;3;JAKARTA BARAT;PAL MERAH;KOTA BAMBU SELATAN;Laki-Laki;11
2020;3;JAKARTA BARAT;KEMBANGAN;KEMBANGAN UTARA;Laki-Laki;34
2020;3;JAKARTA BARAT;KEMBANGAN;MERUYA UTARA;Laki-Laki;24
2020;3;JAKARTA BARAT;KEMBANGAN;MERUYA SELATAN;Laki-Laki;24
2020;3;JAKARTA BARAT;KEMBANGAN;SRENGSENG;Laki-Laki;26
2020;3;JAKARTA BARAT;KEMBANGAN;JOGLO;Laki-Laki;39
2020;3;JAKARTA BARAT;KEMBANGAN;KEMBANGAN SELATAN;Laki-Laki;12
2020;3;JAKARTA SELATAN;TEBET;TEBET TIMUR;Laki-Laki;6
2020;3;JAKARTA SELATAN;TEBET;TEBET BARAT;Laki-Laki;13
2020;3;JAKARTA SELATAN;TEBET;MENTENG DALAM;Laki-Laki;26
2020;3;JAKARTA SELATAN;TEBET;KEBON BARU;Laki-Laki;17
2020;3;JAKARTA SELATAN;TEBET;BUKIT DURI;Laki-Laki;13
2020;3;JAKARTA SELATAN;TEBET;MANGGARAI SELATAN;Laki-Laki;16
2020;3;JAKARTA SELATAN;TEBET;MANGGARAI;Laki-Laki;8
2020;3;JAKARTA SELATAN;SETIA BUDI;SETIA BUDI;Laki-Laki;2
2020;3;JAKARTA SELATAN;SETIA BUDI;KARET SEMANGGI;Laki-Laki;5
2020;3;JAKARTA SELATAN;SETIA BUDI;KARET KUNINGAN;Laki-Laki;15
2020;3;JAKARTA SELATAN;SETIA BUDI;KARET;Laki-Laki;4
2020;3;JAKARTA SELATAN;SETIA BUDI;MENTENG ATAS;Laki-Laki;16
2020;3;JAKARTA SELATAN;SETIA BUDI;PASAR MANGGIS;Laki-Laki;16
2020;3;JAKARTA SELATAN;SETIA BUDI;GUNTUR;Laki-Laki;1
2020;3;JAKARTA SELATAN;SETIA BUDI;KUNINGAN TIMUR;Laki-Laki;5
2020;3;JAKARTA SELATAN;MAMPANG PRAPATAN;MAMPANG PRAPATAN;Laki-Laki;21
2020;3;JAKARTA SELATAN;MAMPANG PRAPATAN;BANGKA;Laki-Laki;12
2020;3;JAKARTA SELATAN;MAMPANG PRAPATAN;PELA MAMPANG;Laki-Laki;33
2020;3;JAKARTA SELATAN;MAMPANG PRAPATAN;TEGAL PARANG;Laki-Laki;17
2020;3;JAKARTA SELATAN;MAMPANG PRAPATAN;KUNINGAN BARAT;Laki-Laki;5
2020;3;JAKARTA SELATAN;PASAR MINGGU;PASAR MINGGU;Laki-Laki;21
2020;3;JAKARTA SELATAN;PASAR MINGGU;JATI PADANG;Laki-Laki;23
2020;3;JAKARTA SELATAN;PASAR MINGGU;CILANDAK TIMUR;Laki-Laki;50
2020;3;JAKARTA SELATAN;PASAR MINGGU;RAGUNAN;Laki-Laki;26
2020;3;JAKARTA SELATAN;PASAR MINGGU;PEJATEN TIMUR;Laki-Laki;40
2020;3;JAKARTA SELATAN;PASAR MINGGU;PEJATEN BARAT;Laki-Laki;21
2020;3;JAKARTA SELATAN;PASAR MINGGU;KEBAGUSAN;Laki-Laki;49
2020;3;JAKARTA SELATAN;KEBAYORAN LAMA;KEBAYORAN LAMA UTARA;Laki-Laki;25
2020;3;JAKARTA SELATAN;KEBAYORAN LAMA;PONDOK PINANG;Laki-Laki;47
2020;3;JAKARTA SELATAN;KEBAYORAN LAMA;CIPULIR;Laki-Laki;31
2020;3;JAKARTA SELATAN;KEBAYORAN LAMA;GROGOL UTARA;Laki-Laki;31
2020;3;JAKARTA SELATAN;KEBAYORAN LAMA;GROGOL SELATAN;Laki-Laki;35
2020;3;JAKARTA SELATAN;KEBAYORAN LAMA;KEBAYORAN LAMA SELATAN;Laki-Laki;31
2020;3;JAKARTA SELATAN;CILANDAK;CILANDAK BARAT;Laki-Laki;21
2020;3;JAKARTA SELATAN;CILANDAK;LEBAK BULUS;Laki-Laki;36
2020;3;JAKARTA SELATAN;CILANDAK;PONDOK LABU;Laki-Laki;23
2020;3;JAKARTA SELATAN;CILANDAK;GANDARIA SELATAN;Laki-Laki;9
2020;3;JAKARTA SELATAN;CILANDAK;CIPETE SELATAN;Laki-Laki;21
2020;3;JAKARTA SELATAN;KEBAYORAN BARU;MELAWAI;Laki-Laki;3
2020;3;JAKARTA SELATAN;KEBAYORAN BARU;GUNUNG;Laki-Laki;12
2020;3;JAKARTA SELATAN;KEBAYORAN BARU;KRAMAT PELA;Laki-Laki;16
2020;3;JAKARTA SELATAN;KEBAYORAN BARU;SELONG;Laki-Laki;2
2020;3;JAKARTA SELATAN;KEBAYORAN BARU;RAWA BARAT;Laki-Laki;4
2020;3;JAKARTA SELATAN;KEBAYORAN BARU;SENAYAN;Laki-Laki;2
2020;3;JAKARTA SELATAN;KEBAYORAN BARU;PULO;Laki-Laki;2
2020;3;JAKARTA SELATAN;KEBAYORAN BARU;PETOGOGAN;Laki-Laki;7
2020;3;JAKARTA SELATAN;KEBAYORAN BARU;GANDARIA UTARA;Laki-Laki;31
2020;3;JAKARTA SELATAN;KEBAYORAN BARU;CIPETE UTARA;Laki-Laki;22
2020;3;JAKARTA SELATAN;PANCORAN;PANCORAN;Laki-Laki;6
2020;3;JAKARTA SELATAN;PANCORAN;KALIBATA;Laki-Laki;24
2020;3;JAKARTA SELATAN;PANCORAN;RAWAJATI;Laki-Laki;20
2020;3;JAKARTA SELATAN;PANCORAN;DUREN TIGA;Laki-Laki;20
2020;3;JAKARTA SELATAN;PANCORAN;PENGADEGAN;Laki-Laki;12
2020;3;JAKARTA SELATAN;PANCORAN;CIKOKO;Laki-Laki;
2020;3;JAKARTA SELATAN;JAGAKARSA;JAGAKARSA;Laki-Laki;32
2020;3;JAKARTA SELATAN;JAGAKARSA;SRENGSENG SAWAH;Laki-Laki;69
2020;3;JAKARTA SELATAN;JAGAKARSA;CIGANJUR;Laki-Laki;27
2020;3;JAKARTA SELATAN;JAGAKARSA;LENTENG AGUNG;Laki-Laki;62
2020;3;JAKARTA SELATAN;JAGAKARSA;TANJUNG BARAT;Laki-Laki;31
2020;3;JAKARTA SELATAN;JAGAKARSA;CIPEDAK;Laki-Laki;45
2020;3;JAKARTA SELATAN;PESANGGRAHAN;PESANGGRAHAN;Laki-Laki;38
2020;3;JAKARTA SELATAN;PESANGGRAHAN;BINTARO;Laki-Laki;39
2020;3;JAKARTA SELATAN;PESANGGRAHAN;PETUKANGAN UTARA;Laki-Laki;49
2020;3;JAKARTA SELATAN;PESANGGRAHAN;PETUKANGAN SELATAN;Laki-Laki;36
2020;3;JAKARTA SELATAN;PESANGGRAHAN;ULUJAMI;Laki-Laki;36
2020;3;JAKARTA TIMUR;MATRAMAN;PISANGAN BARU;Laki-Laki;15
2020;3;JAKARTA TIMUR;MATRAMAN;UTAN KAYU UTARA;Laki-Laki;20
2020;3;JAKARTA TIMUR;MATRAMAN;KAYU MANIS;Laki-Laki;15
2020;3;JAKARTA TIMUR;MATRAMAN;PALMERIAM;Laki-Laki;23
2020;3;JAKARTA TIMUR;MATRAMAN;KEBON MANGGIS;Laki-Laki;9
2020;3;JAKARTA TIMUR;MATRAMAN;UTAN KAYU SELATAN;Laki-Laki;24
2020;3;JAKARTA TIMUR;PULO GADUNG;PULO GADUNG;Laki-Laki;23
2020;3;JAKARTA TIMUR;PULO GADUNG;PISANGAN TIMUR;Laki-Laki;30
2020;3;JAKARTA TIMUR;PULO GADUNG;CIPINANG;Laki-Laki;27
2020;3;JAKARTA TIMUR;PULO GADUNG;JATINEGARA KAUM;Laki-Laki;15
2020;3;JAKARTA TIMUR;PULO GADUNG;RAWAMANGUN;Laki-Laki;33
2020;3;JAKARTA TIMUR;PULO GADUNG;KAYU PUTIH;Laki-Laki;35
2020;3;JAKARTA TIMUR;PULO GADUNG;JATI;Laki-Laki;17
2020;3;JAKARTA TIMUR;JATINEGARA;KAMPUNG MELAYU;Laki-Laki;7
2020;3;JAKARTA TIMUR;JATINEGARA;BIDARA CINA;Laki-Laki;14
2020;3;JAKARTA TIMUR;JATINEGARA;BALI MESTER;Laki-Laki;5
2020;3;JAKARTA TIMUR;JATINEGARA;RAWA BUNGA;Laki-Laki;14
2020;3;JAKARTA TIMUR;JATINEGARA;CIPINANG CEMPEDAK;Laki-Laki;17
2020;3;JAKARTA TIMUR;JATINEGARA;CIPINANG MUARA;Laki-Laki;34
2020;3;JAKARTA TIMUR;JATINEGARA;CIPINANG BESAR SELATAN;Laki-Laki;42
2020;3;JAKARTA TIMUR;JATINEGARA;CIPINANG BESAR UTARA;Laki-Laki;33
2020;3;JAKARTA TIMUR;KRAMATJATI;KRAMATJATI;Laki-Laki;31
2020;3;JAKARTA TIMUR;KRAMATJATI;TENGAH;Laki-Laki;41
2020;3;JAKARTA TIMUR;KRAMATJATI;DUKUH;Laki-Laki;15
2020;3;JAKARTA TIMUR;KRAMATJATI;BATU AMPAR;Laki-Laki;30
2020;3;JAKARTA TIMUR;KRAMATJATI;BALEKAMBANG;Laki-Laki;29
2020;3;JAKARTA TIMUR;KRAMATJATI;CILILITAN;Laki-Laki;42
2020;3;JAKARTA TIMUR;KRAMATJATI;CAWANG;Laki-Laki;24
2020;3;JAKARTA TIMUR;PASAR REBO;GEDONG;Laki-Laki;39
2020;3;JAKARTA TIMUR;PASAR REBO;BARU;Laki-Laki;19
2020;3;JAKARTA TIMUR;PASAR REBO;CIJANTUNG;Laki-Laki;39
2020;3;JAKARTA TIMUR;PASAR REBO;KALISARI;Laki-Laki;36
2020;3;JAKARTA TIMUR;PASAR REBO;PEKAYON;Laki-Laki;58
2020;3;JAKARTA TIMUR;CAKUNG;JATINEGARA;Laki-Laki;74
2020;3;JAKARTA TIMUR;CAKUNG;RAWA TERATE;Laki-Laki;23
2020;3;JAKARTA TIMUR;CAKUNG;PENGGILINGAN;Laki-Laki;82
2020;3;JAKARTA TIMUR;CAKUNG;CAKUNG TIMUR;Laki-Laki;59
2020;3;JAKARTA TIMUR;CAKUNG;PULO GEBANG;Laki-Laki;118
2020;3;JAKARTA TIMUR;CAKUNG;UJUNG MENTENG;Laki-Laki;19
2020;3;JAKARTA TIMUR;CAKUNG;CAKUNG BARAT;Laki-Laki;63
2020;3;JAKARTA TIMUR;DUREN SAWIT;DUREN SAWIT;Laki-Laki;38
2020;3;JAKARTA TIMUR;DUREN SAWIT;PONDOK BAMBU;Laki-Laki;60
2020;3;JAKARTA TIMUR;DUREN SAWIT;KLENDER;Laki-Laki;36
2020;3;JAKARTA TIMUR;DUREN SAWIT;PONDOK KELAPA;Laki-Laki;63
2020;3;JAKARTA TIMUR;DUREN SAWIT;MALAKA SARI;Laki-Laki;16
2020;3;JAKARTA TIMUR;DUREN SAWIT;MALAKA JAYA;Laki-Laki;25
2020;3;JAKARTA TIMUR;DUREN SAWIT;PONDOK KOPI;Laki-Laki;20
2020;3;JAKARTA TIMUR;MAKASAR;MAKASAR;Laki-Laki;29
2020;3;JAKARTA TIMUR;MAKASAR;PINANGRANTI;Laki-Laki;21
2020;3;JAKARTA TIMUR;MAKASAR;KEBON PALA;Laki-Laki;40
2020;3;JAKARTA TIMUR;MAKASAR;HALIM PERDANA KUSUMAH;Laki-Laki;37
2020;3;JAKARTA TIMUR;MAKASAR;CIPINANG MELAYU;Laki-Laki;31
2020;3;JAKARTA TIMUR;CIRACAS;CIRACAS;Laki-Laki;47
2020;3;JAKARTA TIMUR;CIRACAS;CIBUBUR;Laki-Laki;45
2020;3;JAKARTA TIMUR;CIRACAS;KELAPA DUA WETAN;Laki-Laki;56
2020;3;JAKARTA TIMUR;CIRACAS;SUSUKAN;Laki-Laki;38
2020;3;JAKARTA TIMUR;CIRACAS;RAMBUTAN;Laki-Laki;40
2020;3;JAKARTA TIMUR;CIPAYUNG;CIPAYUNG;Laki-Laki;25
2020;3;JAKARTA TIMUR;CIPAYUNG;CILANGKAP;Laki-Laki;23
2020;3;JAKARTA TIMUR;CIPAYUNG;PONDOK RANGGON;Laki-Laki;26
2020;3;JAKARTA TIMUR;CIPAYUNG;MUNJUL;Laki-Laki;27
2020;3;JAKARTA TIMUR;CIPAYUNG;SETU;Laki-Laki;25
2020;3;JAKARTA TIMUR;CIPAYUNG;BAMBU APUS;Laki-Laki;10
2020;3;JAKARTA TIMUR;CIPAYUNG;LUBANG BUAYA;Laki-Laki;39
2020;3;JAKARTA TIMUR;CIPAYUNG;CEGER;Laki-Laki;14
2020;3;ADM. KEPULAUAN SERIBU;KEPULAUAN SERIBU UTARA;PULAU PANGGANG;Perempuan;2
2020;3;ADM. KEPULAUAN SERIBU;KEPULAUAN SERIBU UTARA;PULAU KELAPA;Perempuan;1
2020;3;ADM. KEPULAUAN SERIBU;KEPULAUAN SERIBU UTARA;PULAU HARAPAN;Perempuan;6
2020;3;ADM. KEPULAUAN SERIBU;KEPULAUAN SERIBU SELATAN;PULAU UNTUNG JAWA;Perempuan;
2020;3;ADM. KEPULAUAN SERIBU;KEPULAUAN SERIBU SELATAN;PULAU TIDUNG;Perempuan;2
2020;3;ADM. KEPULAUAN SERIBU;KEPULAUAN SERIBU SELATAN;PULAU PARI;Perempuan;2
2020;3;JAKARTA PUSAT;GAMBIR;GAMBIR;Perempuan;1
2020;3;JAKARTA PUSAT;GAMBIR;CIDENG;Perempuan;12
2020;3;JAKARTA PUSAT;GAMBIR;PETOJO UTARA;Perempuan;11
2020;3;JAKARTA PUSAT;GAMBIR;PETOJO SELATAN;Perempuan;19
2020;3;JAKARTA PUSAT;GAMBIR;KEBON KELAPA;Perempuan;7
2020;3;JAKARTA PUSAT;GAMBIR;DURI PULO;Perempuan;8
2020;3;JAKARTA PUSAT;SAWAH BESAR;PASAR BARU;Perempuan;6
2020;3;JAKARTA PUSAT;SAWAH BESAR;KARANG ANYAR;Perempuan;19
2020;3;JAKARTA PUSAT;SAWAH BESAR;KARTINI;Perempuan;13
2020;3;JAKARTA PUSAT;SAWAH BESAR;GUNUNG SAHARI UTARA;Perempuan;2
2020;3;JAKARTA PUSAT;SAWAH BESAR;MANGGA DUA SELATAN;Perempuan;22
2020;3;JAKARTA PUSAT;KEMAYORAN;KEMAYORAN;Perempuan;21
2020;3;JAKARTA PUSAT;KEMAYORAN;KEBON KOSONG;Perempuan;27
2020;3;JAKARTA PUSAT;KEMAYORAN;HARAPAN MULIA;Perempuan;13
2020;3;JAKARTA PUSAT;KEMAYORAN;SERDANG;Perempuan;23
2020;3;JAKARTA PUSAT;KEMAYORAN;GUNUNG SAHARI SELATAN;Perempuan;11
2020;3;JAKARTA PUSAT;KEMAYORAN;CEMPAKA BARU;Perempuan;24
2020;3;JAKARTA PUSAT;KEMAYORAN;SUMUR BATU;Perempuan;14
2020;3;JAKARTA PUSAT;KEMAYORAN;UTAN PANJANG;Perempuan;24
2020;3;JAKARTA PUSAT;S E N E N;SENEN;Perempuan;3
2020;3;JAKARTA PUSAT;S E N E N;KENARI;Perempuan;5
2020;3;JAKARTA PUSAT;S E N E N;PASEBAN;Perempuan;25
2020;3;JAKARTA PUSAT;S E N E N;KRAMAT;Perempuan;18
2020;3;JAKARTA PUSAT;S E N E N;KWITANG;Perempuan;14
2020;3;JAKARTA PUSAT;S E N E N;BUNGUR;Perempuan;16
2020;3;JAKARTA PUSAT;CEMPAKA PUTIH;CEMPAKA PUTIH TIMUR;Perempuan;13
2020;3;JAKARTA PUSAT;CEMPAKA PUTIH;CEMPAKA PUTIH BARAT;Perempuan;20
2020;3;JAKARTA PUSAT;CEMPAKA PUTIH;RAWASARI;Perempuan;15
2020;3;JAKARTA PUSAT;MENTENG;MENTENG;Perempuan;13
2020;3;JAKARTA PUSAT;MENTENG;PEGANGSAAN;Perempuan;9
2020;3;JAKARTA PUSAT;MENTENG;CIKINI;Perempuan;3
2020;3;JAKARTA PUSAT;MENTENG;GONDANGDIA;Perempuan;1
2020;3;JAKARTA PUSAT;MENTENG;KEBON SIRIH;Perempuan;6
2020;3;JAKARTA PUSAT;TANAH ABANG;GELORA;Perempuan;2
2020;3;JAKARTA PUSAT;TANAH ABANG;BENDUNGAN HILIR;Perempuan;16
2020;3;JAKARTA PUSAT;TANAH ABANG;KARET TENGSIN;Perempuan;20
2020;3;JAKARTA PUSAT;TANAH ABANG;PETAMBURAN;Perempuan;19
2020;3;JAKARTA PUSAT;TANAH ABANG;KEBON MELATI;Perempuan;15
2020;3;JAKARTA PUSAT;TANAH ABANG;KEBON KACANG;Perempuan;10
2020;3;JAKARTA PUSAT;TANAH ABANG;KAMPUNG BALI;Perempuan;7
2020;3;JAKARTA PUSAT;JOHAR BARU;JOHAR BARU;Perempuan;23
2020;3;JAKARTA PUSAT;JOHAR BARU;KAMPUNG RAWA;Perempuan;4
2020;3;JAKARTA PUSAT;JOHAR BARU;GALUR;Perempuan;15
2020;3;JAKARTA PUSAT;JOHAR BARU;TANAH TINGGI;Perempuan;17
2020;3;JAKARTA UTARA;PENJARINGAN;PENJARINGAN;Perempuan;86
2020;3;JAKARTA UTARA;PENJARINGAN;KAMAL MUARA;Perempuan;13
2020;3;JAKARTA UTARA;PENJARINGAN;KAPUK MUARA;Perempuan;15
2020;3;JAKARTA UTARA;PENJARINGAN;PEJAGALAN;Perempuan;33
2020;3;JAKARTA UTARA;PENJARINGAN;PLUIT;Perempuan;29
2020;3;JAKARTA UTARA;TANJUNG PRIOK;TANJUNG PRIOK;Perempuan;33
2020;3;JAKARTA UTARA;TANJUNG PRIOK;SUNTER JAYA;Perempuan;36
2020;3;JAKARTA UTARA;TANJUNG PRIOK;PAPANGGO;Perempuan;36
2020;3;JAKARTA UTARA;TANJUNG PRIOK;SUNGAI BAMBU;Perempuan;27
2020;3;JAKARTA UTARA;TANJUNG PRIOK;KEBON BAWANG;Perempuan;31
2020;3;JAKARTA UTARA;TANJUNG PRIOK;SUNTER AGUNG;Perempuan;37
2020;3;JAKARTA UTARA;TANJUNG PRIOK;WARAKAS;Perempuan;25
2020;3;JAKARTA UTARA;KOJA;KOJA;Perempuan;13
2020;3;JAKARTA UTARA;KOJA;TUGU UTARA;Perempuan;61
2020;3;JAKARTA UTARA;KOJA;LAGOA;Perempuan;35
2020;3;JAKARTA UTARA;KOJA;RAWA BADAK UTARA;Perempuan;24
2020;3;JAKARTA UTARA;KOJA;TUGU SELATAN;Perempuan;53
2020;3;JAKARTA UTARA;KOJA;RAWA BADAK SELATAN;Perempuan;46
2020;3;JAKARTA UTARA;CILINCING;CILINCING;Perempuan;31
2020;3;JAKARTA UTARA;CILINCING;SUKAPURA;Perempuan;54
2020;3;JAKARTA UTARA;CILINCING;MARUNDA;Perempuan;27
2020;3;JAKARTA UTARA;CILINCING;KALIBARU;Perempuan;50
2020;3;JAKARTA UTARA;CILINCING;SEMPER TIMUR;Perempuan;34
2020;3;JAKARTA UTARA;CILINCING;ROROTAN;Perempuan;55
2020;3;JAKARTA UTARA;CILINCING;SEMPER BARAT;Perempuan;44
2020;3;JAKARTA UTARA;PADEMANGAN;PADEMANGAN TIMUR;Perempuan;38
2020;3;JAKARTA UTARA;PADEMANGAN;PADEMANGAN BARAT;Perempuan;45
2020;3;JAKARTA UTARA;PADEMANGAN;ANCOL;Perempuan;17
2020;3;JAKARTA UTARA;KELAPA GADING;KELAPA GADING TIMUR;Perempuan;13
2020;3;JAKARTA UTARA;KELAPA GADING;PEGANGSAAN DUA;Perempuan;37
2020;3;JAKARTA UTARA;KELAPA GADING;KELAPA GADING BARAT;Perempuan;29
2020;3;JAKARTA BARAT;CENGKARENG;CENGKARENG BARAT;Perempuan;42
2020;3;JAKARTA BARAT;CENGKARENG;DURI KOSAMBI;Perempuan;72
2020;3;JAKARTA BARAT;CENGKARENG;RAWA BUAYA;Perempuan;47
2020;3;JAKARTA BARAT;CENGKARENG;KEDAUNG KALI ANGKE;Perempuan;27
2020;3;JAKARTA BARAT;CENGKARENG;KAPUK;Perempuan;103
2020;3;JAKARTA BARAT;CENGKARENG;CENGKARENG TIMUR;Perempuan;60
2020;3;JAKARTA BARAT;GROGOL PETAMBURAN;GROGOL;Perempuan;15
2020;3;JAKARTA BARAT;GROGOL PETAMBURAN;TANJUNG DUREN UTARA;Perempuan;7
2020;3;JAKARTA BARAT;GROGOL PETAMBURAN;TOMANG;Perempuan;15
2020;3;JAKARTA BARAT;GROGOL PETAMBURAN;JELAMBAR;Perempuan;7
2020;3;JAKARTA BARAT;GROGOL PETAMBURAN;TANJUNG DUREN SELATAN;Perempuan;24
2020;3;JAKARTA BARAT;GROGOL PETAMBURAN;JELAMBAR BARU;Perempuan;16
2020;3;JAKARTA BARAT;GROGOL PETAMBURAN;WIJAYA KUSUMA;Perempuan;31
2020;3;JAKARTA BARAT;TAMAN SARI;TAMAN SARI;Perempuan;5
2020;3;JAKARTA BARAT;TAMAN SARI;KRUKUT;Perempuan;7
2020;3;JAKARTA BARAT;TAMAN SARI;MAPHAR;Perempuan;15
2020;3;JAKARTA BARAT;TAMAN SARI;TANGKI;Perempuan;8
2020;3;JAKARTA BARAT;TAMAN SARI;MANGGA BESAR;Perempuan;6
2020;3;JAKARTA BARAT;TAMAN SARI;KEAGUNGAN;Perempuan;7
2020;3;JAKARTA BARAT;TAMAN SARI;GLODOK;Perempuan;1
2020;3;JAKARTA BARAT;TAMAN SARI;PINANGSIA;Perempuan;9
2020;3;JAKARTA BARAT;TAMBORA;TAMBORA;Perempuan;5
2020;3;JAKARTA BARAT;TAMBORA;KALI ANYAR;Perempuan;12
2020;3;JAKARTA BARAT;TAMBORA;DURI UTARA;Perempuan;14
2020;3;JAKARTA BARAT;TAMBORA;TANAH SEREAL;Perempuan;8
2020;3;JAKARTA BARAT;TAMBORA;KRENDANG;Perempuan;10
2020;3;JAKARTA BARAT;TAMBORA;JEMBATAN BESI;Perempuan;24
2020;3;JAKARTA BARAT;TAMBORA;ANGKE;Perempuan;19
2020;3;JAKARTA BARAT;TAMBORA;JEMBATAN LIMA;Perempuan;7
2020;3;JAKARTA BARAT;TAMBORA;PEKOJAN;Perempuan;14
2020;3;JAKARTA BARAT;TAMBORA;ROA MALAKA;Perempuan;
2020;3;JAKARTA BARAT;TAMBORA;DURI SELATAN;Perempuan;7
2020;3;JAKARTA BARAT;KEBON JERUK;KEBON JERUK;Perempuan;36
2020;3;JAKARTA BARAT;KEBON JERUK;SUKABUMI UTARA;Perempuan;23
2020;3;JAKARTA BARAT;KEBON JERUK;SUKABUMI SELATAN;Perempuan;26
2020;3;JAKARTA BARAT;KEBON JERUK;KELAPA DUA;Perempuan;19
2020;3;JAKARTA BARAT;KEBON JERUK;DURI KEPA;Perempuan;25
2020;3;JAKARTA BARAT;KEBON JERUK;KEDOYA UTARA;Perempuan;28
2020;3;JAKARTA BARAT;KEBON JERUK;KEDOYA SELATAN;Perempuan;17
2020;3;JAKARTA BARAT;KALI DERES;KALIDERES;Perempuan;55
2020;3;JAKARTA BARAT;KALI DERES;SEMANAN;Perempuan;64
2020;3;JAKARTA BARAT;KALI DERES;TEGAL ALUR;Perempuan;61
2020;3;JAKARTA BARAT;KALI DERES;KAMAL;Perempuan;30
2020;3;JAKARTA BARAT;KALI DERES;PEGADUNGAN;Perempuan;51
2020;3;JAKARTA BARAT;PAL MERAH;PALMERAH;Perempuan;32
2020;3;JAKARTA BARAT;PAL MERAH;SLIPI;Perempuan;3
2020;3;JAKARTA BARAT;PAL MERAH;KOTA BAMBU UTARA;Perempuan;19
2020;3;JAKARTA BARAT;PAL MERAH;JATIPULO;Perempuan;25
2020;3;JAKARTA BARAT;PAL MERAH;KEMANGGISAN;Perempuan;20
2020;3;JAKARTA BARAT;PAL MERAH;KOTA BAMBU SELATAN;Perempuan;22
2020;3;JAKARTA BARAT;KEMBANGAN;KEMBANGAN UTARA;Perempuan;38
2020;3;JAKARTA BARAT;KEMBANGAN;MERUYA UTARA;Perempuan;33
2020;3;JAKARTA BARAT;KEMBANGAN;MERUYA SELATAN;Perempuan;31
2020;3;JAKARTA BARAT;KEMBANGAN;SRENGSENG;Perempuan;28
2020;3;JAKARTA BARAT;KEMBANGAN;JOGLO;Perempuan;38
2020;3;JAKARTA BARAT;KEMBANGAN;KEMBANGAN SELATAN;Perempuan;14
2020;3;JAKARTA SELATAN;TEBET;TEBET TIMUR;Perempuan;12
2020;3;JAKARTA SELATAN;TEBET;TEBET BARAT;Perempuan;20
2020;3;JAKARTA SELATAN;TEBET;MENTENG DALAM;Perempuan;32
2020;3;JAKARTA SELATAN;TEBET;KEBON BARU;Perempuan;21
2020;3;JAKARTA SELATAN;TEBET;BUKIT DURI;Perempuan;19
2020;3;JAKARTA SELATAN;TEBET;MANGGARAI SELATAN;Perempuan;7
2020;3;JAKARTA SELATAN;TEBET;MANGGARAI;Perempuan;10
2020;3;JAKARTA SELATAN;SETIA BUDI;SETIA BUDI;Perempuan;2
2020;3;JAKARTA SELATAN;SETIA BUDI;KARET SEMANGGI;Perempuan;4
2020;3;JAKARTA SELATAN;SETIA BUDI;KARET KUNINGAN;Perempuan;9
2020;3;JAKARTA SELATAN;SETIA BUDI;KARET;Perempuan;7
2020;3;JAKARTA SELATAN;SETIA BUDI;MENTENG ATAS;Perempuan;27
2020;3;JAKARTA SELATAN;SETIA BUDI;PASAR MANGGIS;Perempuan;16
2020;3;JAKARTA SELATAN;SETIA BUDI;GUNTUR;Perempuan;2
2020;3;JAKARTA SELATAN;SETIA BUDI;KUNINGAN TIMUR;Perempuan;4
2020;3;JAKARTA SELATAN;MAMPANG PRAPATAN;MAMPANG PRAPATAN;Perempuan;22
2020;3;JAKARTA SELATAN;MAMPANG PRAPATAN;BANGKA;Perempuan;17
2020;3;JAKARTA SELATAN;MAMPANG PRAPATAN;PELA MAMPANG;Perempuan;19
2020;3;JAKARTA SELATAN;MAMPANG PRAPATAN;TEGAL PARANG;Perempuan;35
2020;3;JAKARTA SELATAN;MAMPANG PRAPATAN;KUNINGAN BARAT;Perempuan;5
2020;3;JAKARTA SELATAN;PASAR MINGGU;PASAR MINGGU;Perempuan;18
2020;3;JAKARTA SELATAN;PASAR MINGGU;JATI PADANG;Perempuan;31
2020;3;JAKARTA SELATAN;PASAR MINGGU;CILANDAK TIMUR;Perempuan;24
2020;3;JAKARTA SELATAN;PASAR MINGGU;RAGUNAN;Perempuan;29
2020;3;JAKARTA SELATAN;PASAR MINGGU;PEJATEN TIMUR;Perempuan;44
2020;3;JAKARTA SELATAN;PASAR MINGGU;PEJATEN BARAT;Perempuan;18
2020;3;JAKARTA SELATAN;PASAR MINGGU;KEBAGUSAN;Perempuan;61
2020;3;JAKARTA SELATAN;KEBAYORAN LAMA;KEBAYORAN LAMA UTARA;Perempuan;33
2020;3;JAKARTA SELATAN;KEBAYORAN LAMA;PONDOK PINANG;Perempuan;50
2020;3;JAKARTA SELATAN;KEBAYORAN LAMA;CIPULIR;Perempuan;39
2020;3;JAKARTA SELATAN;KEBAYORAN LAMA;GROGOL UTARA;Perempuan;17
2020;3;JAKARTA SELATAN;KEBAYORAN LAMA;GROGOL SELATAN;Perempuan;33
2020;3;JAKARTA SELATAN;KEBAYORAN LAMA;KEBAYORAN LAMA SELATAN;Perempuan;18
2020;3;JAKARTA SELATAN;CILANDAK;CILANDAK BARAT;Perempuan;28
2020;3;JAKARTA SELATAN;CILANDAK;LEBAK BULUS;Perempuan;33
2020;3;JAKARTA SELATAN;CILANDAK;PONDOK LABU;Perempuan;44
2020;3;JAKARTA SELATAN;CILANDAK;GANDARIA SELATAN;Perempuan;9
2020;3;JAKARTA SELATAN;CILANDAK;CIPETE SELATAN;Perempuan;26
2020;3;JAKARTA SELATAN;KEBAYORAN BARU;MELAWAI;Perempuan;5
2020;3;JAKARTA SELATAN;KEBAYORAN BARU;GUNUNG;Perempuan;11
2020;3;JAKARTA SELATAN;KEBAYORAN BARU;KRAMAT PELA;Perempuan;14
2020;3;JAKARTA SELATAN;KEBAYORAN BARU;SELONG;Perempuan;5
2020;3;JAKARTA SELATAN;KEBAYORAN BARU;RAWA BARAT;Perempuan;4
2020;3;JAKARTA SELATAN;KEBAYORAN BARU;SENAYAN;Perempuan;2
2020;3;JAKARTA SELATAN;KEBAYORAN BARU;PULO;Perempuan;1
2020;3;JAKARTA SELATAN;KEBAYORAN BARU;PETOGOGAN;Perempuan;16
2020;3;JAKARTA SELATAN;KEBAYORAN BARU;GANDARIA UTARA;Perempuan;41
2020;3;JAKARTA SELATAN;KEBAYORAN BARU;CIPETE UTARA;Perempuan;21
2020;3;JAKARTA SELATAN;PANCORAN;PANCORAN;Perempuan;8
2020;3;JAKARTA SELATAN;PANCORAN;KALIBATA;Perempuan;26
2020;3;JAKARTA SELATAN;PANCORAN;RAWAJATI;Perempuan;25
2020;3;JAKARTA SELATAN;PANCORAN;DUREN TIGA;Perempuan;17
2020;3;JAKARTA SELATAN;PANCORAN;PENGADEGAN;Perempuan;14
2020;3;JAKARTA SELATAN;PANCORAN;CIKOKO;Perempuan;8
2020;3;JAKARTA SELATAN;JAGAKARSA;JAGAKARSA;Perempuan;41
2020;3;JAKARTA SELATAN;JAGAKARSA;SRENGSENG SAWAH;Perempuan;75
2020;3;JAKARTA SELATAN;JAGAKARSA;CIGANJUR;Perempuan;53
2020;3;JAKARTA SELATAN;JAGAKARSA;LENTENG AGUNG;Perempuan;66
2020;3;JAKARTA SELATAN;JAGAKARSA;TANJUNG BARAT;Perempuan;39
2020;3;JAKARTA SELATAN;JAGAKARSA;CIPEDAK;Perempuan;49
2020;3;JAKARTA SELATAN;PESANGGRAHAN;PESANGGRAHAN;Perempuan;32
2020;3;JAKARTA SELATAN;PESANGGRAHAN;BINTARO;Perempuan;56
2020;3;JAKARTA SELATAN;PESANGGRAHAN;PETUKANGAN UTARA;Perempuan;50
2020;3;JAKARTA SELATAN;PESANGGRAHAN;PETUKANGAN SELATAN;Perempuan;35
2020;3;JAKARTA SELATAN;PESANGGRAHAN;ULUJAMI;Perempuan;40
2020;3;JAKARTA TIMUR;MATRAMAN;PISANGAN BARU;Perempuan;22
2020;3;JAKARTA TIMUR;MATRAMAN;UTAN KAYU UTARA;Perempuan;18
2020;3;JAKARTA TIMUR;MATRAMAN;KAYU MANIS;Perempuan;15
2020;3;JAKARTA TIMUR;MATRAMAN;PALMERIAM;Perempuan;18
2020;3;JAKARTA TIMUR;MATRAMAN;KEBON MANGGIS;Perempuan;6
2020;3;JAKARTA TIMUR;MATRAMAN;UTAN KAYU SELATAN;Perempuan;23
2020;3;JAKARTA TIMUR;PULO GADUNG;PULO GADUNG;Perempuan;29
2020;3;JAKARTA TIMUR;PULO GADUNG;PISANGAN TIMUR;Perempuan;30
2020;3;JAKARTA TIMUR;PULO GADUNG;CIPINANG;Perempuan;33
2020;3;JAKARTA TIMUR;PULO GADUNG;JATINEGARA KAUM;Perempuan;15
2020;3;JAKARTA TIMUR;PULO GADUNG;RAWAMANGUN;Perempuan;35
2020;3;JAKARTA TIMUR;PULO GADUNG;KAYU PUTIH;Perempuan;35
2020;3;JAKARTA TIMUR;PULO GADUNG;JATI;Perempuan;16
2020;3;JAKARTA TIMUR;JATINEGARA;KAMPUNG MELAYU;Perempuan;11
2020;3;JAKARTA TIMUR;JATINEGARA;BIDARA CINA;Perempuan;14
2020;3;JAKARTA TIMUR;JATINEGARA;BALI MESTER;Perempuan;9
2020;3;JAKARTA TIMUR;JATINEGARA;RAWA BUNGA;Perempuan;7
2020;3;JAKARTA TIMUR;JATINEGARA;CIPINANG CEMPEDAK;Perempuan;15
2020;3;JAKARTA TIMUR;JATINEGARA;CIPINANG MUARA;Perempuan;28
2020;3;JAKARTA TIMUR;JATINEGARA;CIPINANG BESAR SELATAN;Perempuan;35
2020;3;JAKARTA TIMUR;JATINEGARA;CIPINANG BESAR UTARA;Perempuan;21
2020;3;JAKARTA TIMUR;KRAMATJATI;KRAMATJATI;Perempuan;42
2020;3;JAKARTA TIMUR;KRAMATJATI;TENGAH;Perempuan;39
2020;3;JAKARTA TIMUR;KRAMATJATI;DUKUH;Perempuan;24
2020;3;JAKARTA TIMUR;KRAMATJATI;BATU AMPAR;Perempuan;34
2020;3;JAKARTA TIMUR;KRAMATJATI;BALEKAMBANG;Perempuan;30
2020;3;JAKARTA TIMUR;KRAMATJATI;CILILITAN;Perempuan;41
2020;3;JAKARTA TIMUR;KRAMATJATI;CAWANG;Perempuan;18
2020;3;JAKARTA TIMUR;PASAR REBO;GEDONG;Perempuan;43
2020;3;JAKARTA TIMUR;PASAR REBO;BARU;Perempuan;26
2020;3;JAKARTA TIMUR;PASAR REBO;CIJANTUNG;Perempuan;35
2020;3;JAKARTA TIMUR;PASAR REBO;KALISARI;Perempuan;40
2020;3;JAKARTA TIMUR;PASAR REBO;PEKAYON;Perempuan;55
2020;3;JAKARTA TIMUR;CAKUNG;JATINEGARA;Perempuan;87
2020;3;JAKARTA TIMUR;CAKUNG;RAWA TERATE;Perempuan;30
2020;3;JAKARTA TIMUR;CAKUNG;PENGGILINGAN;Perempuan;86
2020;3;JAKARTA TIMUR;CAKUNG;CAKUNG TIMUR;Perempuan;57
2020;3;JAKARTA TIMUR;CAKUNG;PULO GEBANG;Perempuan;124
2020;3;JAKARTA TIMUR;CAKUNG;UJUNG MENTENG;Perempuan;23
2020;3;JAKARTA TIMUR;CAKUNG;CAKUNG BARAT;Perempuan;64
2020;3;JAKARTA TIMUR;DUREN SAWIT;DUREN SAWIT;Perempuan;49
2020;3;JAKARTA TIMUR;DUREN SAWIT;PONDOK BAMBU;Perempuan;63
2020;3;JAKARTA TIMUR;DUREN SAWIT;KLENDER;Perempuan;51
2020;3;JAKARTA TIMUR;DUREN SAWIT;PONDOK KELAPA;Perempuan;58
2020;3;JAKARTA TIMUR;DUREN SAWIT;MALAKA SARI;Perempuan;14
2020;3;JAKARTA TIMUR;DUREN SAWIT;MALAKA JAYA;Perempuan;23
2020;3;JAKARTA TIMUR;DUREN SAWIT;PONDOK KOPI;Perempuan;36
2020;3;JAKARTA TIMUR;MAKASAR;MAKASAR;Perempuan;34
2020;3;JAKARTA TIMUR;MAKASAR;PINANGRANTI;Perempuan;26
2020;3;JAKARTA TIMUR;MAKASAR;KEBON PALA;Perempuan;39
2020;3;JAKARTA TIMUR;MAKASAR;HALIM PERDANA KUSUMAH;Perempuan;31
2020;3;JAKARTA TIMUR;MAKASAR;CIPINANG MELAYU;Perempuan;40
2020;3;JAKARTA TIMUR;CIRACAS;CIRACAS;Perempuan;66
2020;3;JAKARTA TIMUR;CIRACAS;CIBUBUR;Perempuan;47
2020;3;JAKARTA TIMUR;CIRACAS;KELAPA DUA WETAN;Perempuan;44
2020;3;JAKARTA TIMUR;CIRACAS;SUSUKAN;Perempuan;35
2020;3;JAKARTA TIMUR;CIRACAS;RAMBUTAN;Perempuan;40
2020;3;JAKARTA TIMUR;CIPAYUNG;CIPAYUNG;Perempuan;31
2020;3;JAKARTA TIMUR;CIPAYUNG;CILANGKAP;Perempuan;16
2020;3;JAKARTA TIMUR;CIPAYUNG;PONDOK RANGGON;Perempuan;18
2020;3;JAKARTA TIMUR;CIPAYUNG;MUNJUL;Perempuan;29
2020;3;JAKARTA TIMUR;CIPAYUNG;SETU;Perempuan;27
2020;3;JAKARTA TIMUR;CIPAYUNG;BAMBU APUS;Perempuan;22
2020;3;JAKARTA TIMUR;CIPAYUNG;LUBANG BUAYA;Perempuan;44
2020;3;JAKARTA TIMUR;CIPAYUNG;CEGER;Perempuan;17
